{"Lightgbm_bce_continuous": {"roc_auc": 0.9780646061043194, "best_threshold": 0.1487832829769408, "f1_score": 0.8854961832061068, "accuracy": 0.9996488887328394, "precision": 0.9206349206349206, "recall": 0.8529411764705882, "brier_score": 0.00035333543748123476}, "Lightgbm_focal_loss_continuous": {"roc_auc": 0.9798699799823338, "best_threshold": 0.1594088502314275, "f1_score": 0.8846153846153846, "accuracy": 0.9996488887328394, "precision": 0.9274193548387096, "recall": 0.8455882352941176, "brier_score": 0.0003552596427231847}, "Lightgbm_rocstar_continuous": {"roc_auc": 0.9798699799823338, "best_threshold": 0.990660005092251, "f1_score": 0.8846153846153846, "accuracy": 0.9996488887328394, "precision": 0.9274193548387096, "recall": 0.8455882352941176, "brier_score": 0.012208478308369157}}